vehicle_id,target_time,x_pred,y_pred,z_pred,status
45,16549.0,105.95027160644533,59.14463424682617,0.0014445495326071,observed
46,16549.0,-110.76252746582033,46.66009140014648,-0.0548558048903942,observed
47,16549.0,-106.68646240234376,-4.847522735595703,-0.0047218701802194,observed
48,16549.0,-87.27456665039062,24.44123649597168,-0.0131282610818743,observed
49,16549.0,2.821934223175049,130.2086639404297,0.140659213066101,observed
50,16549.0,32.992637634277344,-67.9001235961914,0.0145344156771898,observed
