,chosen_cov,distance,perception_gain,delay,trust,reward
chosen_cov,1.0,0.786841510427358,-0.7730903117474297,-0.4336881369903523,0.1132083692915998,0.4875835240168429
distance,0.786841510427358,1.0,-0.9995370975717455,-0.3361477364729079,0.21743467489982637,0.49709118750333
perception_gain,-0.7730903117474297,-0.9995370975717455,1.0,0.3269700062638363,-0.21705266452321872,-0.4885666858498666
delay,-0.4336881369903523,-0.3361477364729079,0.3269700062638363,1.0,0.3972379525070897,-0.5163102062390817
trust,0.1132083692915998,0.21743467489982637,-0.21705266452321872,0.3972379525070897,1.0,0.5808237226571765
reward,0.4875835240168429,0.49709118750333,-0.4885666858498666,-0.5163102062390817,0.5808237226571765,1.0
